[{"model": "system.permissions", "pk": 1, "fields": {"create_time": "2021-03-06T06:27:00.946Z", "update_time": "2021-03-06T06:27:00.946Z", "name": "\u7cfb\u7edf\u7ba1\u7406", "sign": "system", "menu": true, "method": "", "path": "", "pid": null, "desc": ""}}, {"model": "system.permissions", "pk": 2, "fields": {"create_time": "2021-03-06T06:28:04.500Z", "update_time": "2021-03-06T06:28:04.500Z", "name": "\u7528\u6237\u7ba1\u7406", "sign": "system-users", "menu": true, "method": "", "path": "", "pid": 1, "desc": ""}}, {"model": "system.permissions", "pk": 3, "fields": {"create_time": "2021-03-06T06:28:40.627Z", "update_time": "2021-03-06T06:28:40.627Z", "name": "\u89d2\u8272\u7ba1\u7406", "sign": "system-roles", "menu": true, "method": "", "path": "", "pid": 1, "desc": ""}}, {"model": "system.permissions", "pk": 4, "fields": {"create_time": "2021-03-06T06:28:54.786Z", "update_time": "2021-03-06T06:28:54.787Z", "name": "\u6743\u9650\u7ba1\u7406", "sign": "system-permissions", "menu": true, "method": "", "path": "", "pid": 1, "desc": ""}}, {"model": "system.permissions", "pk": 5, "fields": {"create_time": "2021-03-06T06:29:27.205Z", "update_time": "2021-03-06T06:29:27.205Z", "name": "\u90e8\u95e8\u7ba1\u7406", "sign": "system-departments", "menu": true, "method": "", "path": "", "pid": 1, "desc": ""}}, {"model": "system.permissions", "pk": 6, "fields": {"create_time": "2021-03-06T06:29:44.315Z", "update_time": "2021-03-06T06:29:44.315Z", "name": "\u4efb\u52a1\u8c03\u5ea6", "sign": "system-jobs", "menu": true, "method": "", "path": "", "pid": 1, "desc": ""}}, {"model": "system.permissions", "pk": 7, "fields": {"create_time": "2021-03-06T06:31:03.742Z", "update_time": "2021-03-06T06:31:03.742Z", "name": "\u7cfb\u7edf\u76d1\u63a7", "sign": "monitor", "menu": true, "method": "", "path": "", "pid": null, "desc": ""}}, {"model": "system.permissions", "pk": 8, "fields": {"create_time": "2021-03-06T06:31:42.411Z", "update_time": "2021-03-06T06:31:42.411Z", "name": "\u5728\u7ebf\u7528\u6237", "sign": "monitor-users", "menu": true, "method": "", "path": "", "pid": 7, "desc": ""}}, {"model": "system.permissions", "pk": 9, "fields": {"create_time": "2021-03-06T06:32:03.386Z", "update_time": "2021-03-06T07:14:44.908Z", "name": "IP\u9ed1\u540d\u5355", "sign": "monitor-ip", "menu": true, "method": "", "path": "", "pid": 7, "desc": ""}}, {"model": "system.permissions", "pk": 10, "fields": {"create_time": "2021-03-06T06:32:20.665Z", "update_time": "2021-03-06T07:25:48.418Z", "name": "\u9519\u8bef\u65e5\u5fd7", "sign": "monitor-error", "menu": true, "method": "", "path": "", "pid": 7, "desc": ""}}, {"model": "system.permissions", "pk": 11, "fields": {"create_time": "2021-03-06T06:32:47.845Z", "update_time": "2021-03-06T06:32:47.845Z", "name": "\u670d\u52a1\u76d1\u63a7", "sign": "monitor-service", "menu": true, "method": "", "path": "", "pid": 7, "desc": ""}}, {"model": "system.permissions", "pk": 12, "fields": {"create_time": "2021-03-06T06:33:33.316Z", "update_time": "2021-03-06T06:33:33.316Z", "name": "\u7528\u6237\u65b0\u589e", "sign": "system-users-add", "menu": false, "method": "POST", "path": "/system/users/", "pid": 2, "desc": ""}}, {"model": "system.permissions", "pk": 13, "fields": {"create_time": "2021-03-06T06:34:22.428Z", "update_time": "2021-03-06T06:35:48.344Z", "name": "\u7528\u6237\u5220\u9664", "sign": "system-users-del", "menu": false, "method": "DELETE", "path": "/system/users/\\d+/", "pid": 2, "desc": ""}}, {"model": "system.permissions", "pk": 14, "fields": {"create_time": "2021-03-06T06:35:40.757Z", "update_time": "2021-03-06T06:35:40.757Z", "name": "\u7528\u6237\u6279\u91cf\u5220\u9664", "sign": "system-users-mdel", "menu": false, "method": "DELETE", "path": "/system/users/", "pid": 2, "desc": ""}}, {"model": "system.permissions", "pk": 15, "fields": {"create_time": "2021-03-06T06:36:25.503Z", "update_time": "2021-03-06T06:36:25.503Z", "name": "\u7528\u6237\u7f16\u8f91", "sign": "system-users-update", "menu": false, "method": "PUT", "path": "/system/users/\\d+/", "pid": 2, "desc": ""}}, {"model": "system.permissions", "pk": 16, "fields": {"create_time": "2021-03-06T06:37:51.164Z", "update_time": "2021-03-06T06:37:51.164Z", "name": "\u91cd\u7f6e\u5bc6\u7801", "sign": "system-users-reset-pwd", "menu": false, "method": "PATCH", "path": "/system/users/reset-password/\\d+/", "pid": 2, "desc": ""}}, {"model": "system.permissions", "pk": 17, "fields": {"create_time": "2021-03-06T06:42:10.765Z", "update_time": "2021-03-06T06:46:36.819Z", "name": "\u7528\u6237\u6743\u9650", "sign": "system-users-permissions", "menu": false, "method": "GET", "path": "/system/users/\\d+/permissions/", "pid": 2, "desc": ""}}, {"model": "system.permissions", "pk": 18, "fields": {"create_time": "2021-03-06T06:44:06.920Z", "update_time": "2021-03-06T06:44:06.920Z", "name": "\u89d2\u8272\u65b0\u589e", "sign": "system-roles-add", "menu": false, "method": "POST", "path": "/system/roles/", "pid": 3, "desc": ""}}, {"model": "system.permissions", "pk": 19, "fields": {"create_time": "2021-03-06T06:44:58.943Z", "update_time": "2021-03-06T06:45:07.003Z", "name": "\u89d2\u8272\u5220\u9664", "sign": "system-roles-del", "menu": false, "method": "DELETE", "path": "/system/roles/\\d+/", "pid": 3, "desc": ""}}, {"model": "system.permissions", "pk": 20, "fields": {"create_time": "2021-03-06T06:45:38.423Z", "update_time": "2021-03-06T06:45:38.423Z", "name": "\u89d2\u8272\u6279\u91cf\u5220\u9664", "sign": "system-roles-mdel", "menu": false, "method": "DELETE", "path": "/system/roles/", "pid": 3, "desc": ""}}, {"model": "system.permissions", "pk": 21, "fields": {"create_time": "2021-03-06T06:46:21.147Z", "update_time": "2021-03-06T06:46:21.147Z", "name": "\u89d2\u8272\u7f16\u8f91", "sign": "system-roles-update", "menu": false, "method": "PUT", "path": "/system/roles/\\d+/", "pid": 3, "desc": ""}}, {"model": "system.permissions", "pk": 22, "fields": {"create_time": "2021-03-06T06:47:39.724Z", "update_time": "2021-03-06T07:48:25.491Z", "name": "\u89d2\u8272\u6388\u6743", "sign": "system-roles-auth", "menu": false, "method": "PATCH", "path": "/system/roles/\\d+/", "pid": 3, "desc": ""}}, {"model": "system.permissions", "pk": 23, "fields": {"create_time": "2021-03-06T06:48:45.004Z", "update_time": "2021-03-06T06:48:45.004Z", "name": "\u6743\u9650\u65b0\u589e", "sign": "system-permissions-add", "menu": false, "method": "POST", "path": "/system/permissions/", "pid": 4, "desc": ""}}, {"model": "system.permissions", "pk": 24, "fields": {"create_time": "2021-03-06T06:49:18.322Z", "update_time": "2021-03-06T06:49:18.322Z", "name": "\u6743\u9650\u5220\u9664", "sign": "system-permissions-del", "menu": false, "method": "DELETE", "path": "/system/permissions/\\d+/", "pid": 4, "desc": ""}}, {"model": "system.permissions", "pk": 25, "fields": {"create_time": "2021-03-06T06:49:46.723Z", "update_time": "2021-03-06T06:49:46.723Z", "name": "\u6743\u9650\u6279\u91cf\u5220\u9664", "sign": "system-permissions-mdel", "menu": false, "method": "DELETE", "path": "/system/permissions/", "pid": 4, "desc": ""}}, {"model": "system.permissions", "pk": 26, "fields": {"create_time": "2021-03-06T06:50:22.647Z", "update_time": "2021-03-06T06:50:22.647Z", "name": "\u6743\u9650\u7f16\u8f91", "sign": "system-permissions-update", "menu": false, "method": "PUT", "path": "/system/permissions/\\d+/", "pid": 4, "desc": ""}}, {"model": "system.permissions", "pk": 27, "fields": {"create_time": "2021-03-06T06:51:43.577Z", "update_time": "2021-03-06T06:51:43.577Z", "name": "\u90e8\u95e8\u65b0\u589e", "sign": "system-departments-add", "menu": false, "method": "POST", "path": "/system/departments/", "pid": 5, "desc": ""}}, {"model": "system.permissions", "pk": 28, "fields": {"create_time": "2021-03-06T06:52:14.205Z", "update_time": "2021-03-06T06:52:14.205Z", "name": "\u90e8\u95e8\u5220\u9664", "sign": "system-departments-del", "menu": false, "method": "DELETE", "path": "/system/departments/\\d+/", "pid": 5, "desc": ""}}, {"model": "system.permissions", "pk": 29, "fields": {"create_time": "2021-03-06T06:52:52.305Z", "update_time": "2021-03-06T06:52:52.305Z", "name": "\u90e8\u95e8\u6279\u91cf\u5220\u9664", "sign": "system-departments-mdel", "menu": false, "method": "DELETE", "path": "/system/departments/", "pid": 5, "desc": ""}}, {"model": "system.permissions", "pk": 30, "fields": {"create_time": "2021-03-06T06:54:01.223Z", "update_time": "2021-03-06T06:54:01.223Z", "name": "\u90e8\u95e8\u7f16\u8f91", "sign": "system-departments-update", "menu": false, "method": "PUT", "path": "/system/departments/\\d+/", "pid": 5, "desc": ""}}, {"model": "system.permissions", "pk": 31, "fields": {"create_time": "2021-03-06T07:01:44.692Z", "update_time": "2021-03-06T07:01:44.692Z", "name": "\u4efb\u52a1\u65b0\u589e", "sign": "system-jobs-add", "menu": false, "method": "POST", "path": "/system/jobs/", "pid": 6, "desc": ""}}, {"model": "system.permissions", "pk": 32, "fields": {"create_time": "2021-03-06T07:02:08.425Z", "update_time": "2021-03-06T07:02:08.425Z", "name": "\u4efb\u52a1\u5220\u9664", "sign": "system-jobs-del", "menu": false, "method": "DELETE", "path": "/system/jobs/\\d+/", "pid": 6, "desc": ""}}, {"model": "system.permissions", "pk": 33, "fields": {"create_time": "2021-03-06T07:02:47.212Z", "update_time": "2021-03-06T07:02:47.212Z", "name": "\u6e05\u9664\u4efb\u52a1", "sign": "system-jobs-clear", "menu": false, "method": "DELETE", "path": "/system/jobs/", "pid": 6, "desc": ""}}, {"model": "system.permissions", "pk": 34, "fields": {"create_time": "2021-03-06T07:04:16.479Z", "update_time": "2021-03-06T07:04:16.479Z", "name": "\u4efb\u52a1\u6682\u505c/\u542f\u52a8", "sign": "system-jobs-ps", "menu": false, "method": "PATCH", "path": "/system/jobs/\\d+/", "pid": 6, "desc": ""}}, {"model": "system.permissions", "pk": 35, "fields": {"create_time": "2021-03-06T07:06:25.884Z", "update_time": "2021-03-06T07:06:25.884Z", "name": "\u6267\u884c\u8bb0\u5f55", "sign": "system-jobs-history", "menu": false, "method": "GET", "path": "/system/jobs/executions/", "pid": 6, "desc": ""}}, {"model": "system.permissions", "pk": 36, "fields": {"create_time": "2021-03-06T07:08:17.391Z", "update_time": "2021-03-06T07:08:17.391Z", "name": "\u7528\u6237\u9501\u5b9a", "sign": "monitor-users-lock", "menu": false, "method": "PATCH", "path": "/system/users/\\d+/", "pid": 8, "desc": ""}}, {"model": "system.permissions", "pk": 37, "fields": {"create_time": "2021-03-06T07:09:42.701Z", "update_time": "2021-03-06T07:09:42.701Z", "name": "\u7528\u6237\u9501\u5b9a/\u6fc0\u6d3b", "sign": "system-users-lock", "menu": false, "method": "PATCH", "path": "/system/users/\\d+/", "pid": 2, "desc": ""}}, {"model": "system.permissions", "pk": 38, "fields": {"create_time": "2021-03-06T07:12:10.324Z", "update_time": "2021-03-06T07:12:10.324Z", "name": "\u62c9\u9ed1IP", "sign": "monitor-users-black-ip", "menu": false, "method": "POST", "path": "/monitor/ip/", "pid": 8, "desc": ""}}, {"model": "system.permissions", "pk": 39, "fields": {"create_time": "2021-03-06T07:14:02.473Z", "update_time": "2021-03-06T07:14:51.685Z", "name": "IP\u9ed1\u540d\u5355\u65b0\u589e", "sign": "monitor-ip-add", "menu": false, "method": "POST", "path": "/monitor/ip/", "pid": 9, "desc": ""}}, {"model": "system.permissions", "pk": 40, "fields": {"create_time": "2021-03-06T07:15:25.282Z", "update_time": "2021-03-06T07:15:25.282Z", "name": "IP\u9ed1\u540d\u5355\u5220\u9664", "sign": "monitor-ip-del", "menu": false, "method": "DELETE", "path": "/monitor/ip/\\d+/", "pid": 9, "desc": ""}}, {"model": "system.permissions", "pk": 41, "fields": {"create_time": "2021-03-06T07:15:51.996Z", "update_time": "2021-03-06T07:15:51.996Z", "name": "IP\u9ed1\u540d\u5355\u6279\u91cf\u5220\u9664", "sign": "monitor-ip-mdel", "menu": false, "method": "DELETE", "path": "/monitor/ip/", "pid": 9, "desc": ""}}, {"model": "system.permissions", "pk": 42, "fields": {"create_time": "2021-03-06T07:17:01.997Z", "update_time": "2021-03-06T07:17:01.997Z", "name": "IP\u9ed1\u540d\u5355\u7f16\u8f91", "sign": "monitor-ip-update", "menu": false, "method": "PUT", "path": "/monitor/ip/\\d+/", "pid": 9, "desc": ""}}, {"model": "system.permissions", "pk": 43, "fields": {"create_time": "2021-03-06T07:18:09.169Z", "update_time": "2021-03-06T07:18:09.169Z", "name": "\u6e05\u7a7a\u65e5\u5fd7", "sign": "monitor-error-clear", "menu": false, "method": "DELETE", "path": "/monitor/error/", "pid": 10, "desc": ""}}, {"model": "system.permissions", "pk": 44, "fields": {"create_time": "2021-03-06T07:28:39.772Z", "update_time": "2021-03-06T07:28:39.772Z", "name": "\u8d44\u4ea7\u7ba1\u7406", "sign": "cmdb", "menu": true, "method": "", "path": "", "pid": null, "desc": ""}}, {"model": "system.permissions", "pk": 45, "fields": {"create_time": "2021-03-06T07:29:28.047Z", "update_time": "2021-03-06T07:29:28.047Z", "name": "\u670d\u52a1\u5668", "sign": "cmdb-servers", "menu": true, "method": "", "path": "", "pid": 44, "desc": ""}}, {"model": "system.permissions", "pk": 46, "fields": {"create_time": "2021-03-06T07:30:51.763Z", "update_time": "2021-03-06T07:30:51.763Z", "name": "\u7cfb\u7edf\u5de5\u5177", "sign": "tool", "menu": true, "method": "", "path": "", "pid": null, "desc": ""}}, {"model": "system.permissions", "pk": 47, "fields": {"create_time": "2021-03-06T07:31:13.385Z", "update_time": "2021-03-06T07:31:13.385Z", "name": "swagger", "sign": "tool-swagger", "menu": true, "method": "", "path": "", "pid": 46, "desc": ""}}, {"model": "system.permissions", "pk": 48, "fields": {"create_time": "2021-03-06T07:34:31.177Z", "update_time": "2021-03-06T07:34:31.177Z", "name": "\u670d\u52a1\u5668\u65b0\u589e", "sign": "cmdb-servers-add", "menu": false, "method": "POST", "path": "/cmdb/servers/", "pid": 45, "desc": ""}}, {"model": "system.permissions", "pk": 49, "fields": {"create_time": "2021-03-06T07:35:00.176Z", "update_time": "2021-03-06T07:35:00.176Z", "name": "\u670d\u52a1\u5668\u5220\u9664", "sign": "cmdb-servers-del", "menu": false, "method": "DELETE", "path": "/cmdb/servers/\\d+/", "pid": 45, "desc": ""}}, {"model": "system.permissions", "pk": 50, "fields": {"create_time": "2021-03-06T07:35:22.617Z", "update_time": "2021-03-06T07:35:22.617Z", "name": "\u670d\u52a1\u5668\u6279\u91cf\u5220\u9664", "sign": "cmdb-servers-mdel", "menu": false, "method": "DELETE", "path": "/cmdb/servers/", "pid": 45, "desc": ""}}, {"model": "system.permissions", "pk": 51, "fields": {"create_time": "2021-03-06T07:36:04.613Z", "update_time": "2021-03-06T07:36:04.613Z", "name": "\u670d\u52a1\u5668\u7f16\u8f91", "sign": "cmdb-servers-update", "menu": false, "method": "PUT", "path": "/cmdb/servers/\\d+/", "pid": 45, "desc": ""}}, {"model": "system.roles", "pk": 1, "fields": {"create_time": "2021-03-06T06:43:07.733Z", "update_time": "2021-03-06T06:43:07.733Z", "name": "admin", "desc": "\u7cfb\u7edf\u7ba1\u7406\u5458", "permissions": []}}, {"model": "system.roles", "pk": 2, "fields": {"create_time": "2021-03-06T07:27:29.128Z", "update_time": "2021-03-06T07:51:10.516Z", "name": "visitor", "desc": "\u6d4b\u8bd5\u89d2\u8272", "permissions": [1, 2, 3, 4, 5, 6, 7, 8, 9, 10, 11, 44, 45, 46, 47]}}, {"model": "oauth.users", "pk": 1, "fields": {"password": "pbkdf2_sha256$150000$z6LGmwjVXfUA$4GkSlU9bT+zhhemYI7vA3Txr7C0J0skIbxkjGRSETPc=", "last_login": null, "is_superuser": true, "username": "admin", "first_name": "", "last_name": "", "email": "", "is_staff": true, "is_active": true, "date_joined": "2021-03-06T06:18:25.737Z", "name": "", "mobile": null, "image": "avatar/default.png", "department": null, "groups": [], "user_permissions": [], "roles": []}}, {"model": "oauth.users", "pk": 2, "fields": {"password": "pbkdf2_sha256$150000$Uj2zlWSQDzCT$6EMKbcDm4HFNQf3tineM96iqBpGoh0v9IyniPpUF/I8=", "last_login": null, "is_superuser": false, "username": "visitor", "first_name": "", "last_name": "", "email": "", "is_staff": false, "is_active": true, "date_joined": "2021-03-06T07:27:53.745Z", "name": "", "mobile": null, "image": "avatar/default.png", "department": null, "groups": [], "user_permissions": [], "roles": [2]}}]